{
  "project_info": {
    "project_number": "652290584728",
    "project_id": "shopping-list-app-e6589",
    "storage_bucket": "shopping-list-app-e6589.firebasestorage.app"
  },
  "client": [
    {
      "client_info": {
        "mobilesdk_app_id": "1:652290584728:android:d1e225e67edc67960660ed",
        "android_client_info": {
          "package_name": "id.mobcom.shopping"
        }
      },
      "oauth_client": [],
      "api_key": [
        {
          "current_key": "AIzaSyCjcGsmkFlk__2Sp_INJUN-K_BApKbxbxQ"
        }
      ],
      "services": {
        "appinvite_service": {
          "other_platform_oauth_client": []
        }
      }
    }
  ],
  "configuration_version": "1"
}